<?xml version="1.0" encoding="UTF-8" standalone="no"?>
<module codename="org.netbeans.swing.plaf">
    <module_version install_time="1302219233070" last="false" origin="installer" specification_version="1.19.1">
        <file crc="4198966476" name="config/Modules/org-netbeans-swing-plaf.xml"/>
        <file crc="59536228" name="modules/org-netbeans-swing-plaf.jar"/>
    </module_version>
    <module_version install_time="1312508358901" last="true" origin="配布用 NetBeans" specification_version="1.20.1">
        <file crc="4122920046" name="modules/locale/org-netbeans-swing-plaf_ja.jar"/>
        <file crc="2873056363" name="modules/locale/org-netbeans-swing-plaf_pt_BR.jar"/>
        <file crc="2264535654" name="modules/locale/org-netbeans-swing-plaf_ru.jar"/>
        <file crc="3513680783" name="modules/locale/org-netbeans-swing-plaf_zh_CN.jar"/>
        <file crc="4198966476" name="config/Modules/org-netbeans-swing-plaf.xml"/>
        <file crc="3946906982" name="modules/org-netbeans-swing-plaf.jar"/>
    </module_version>
</module>
