<?xml version="1.0" encoding="UTF-8" standalone="no"?>
<module codename="org.netbeans.modules.options.api/1">
    <module_version install_time="1302219762032" last="false" origin="installer" specification_version="1.21.1">
        <file crc="73733985" name="config/ModuleAutoDeps/org-netbeans-modules-options-api.xml"/>
        <file crc="1511401705" name="config/Modules/org-netbeans-modules-options-api.xml"/>
        <file crc="541633449" name="modules/org-netbeans-modules-options-api.jar"/>
    </module_version>
    <module_version install_time="1312508358125" last="true" origin="配布用 NetBeans" specification_version="1.22.1">
        <file crc="1677752514" name="modules/locale/org-netbeans-modules-options-api_ja.jar"/>
        <file crc="2736221776" name="modules/locale/org-netbeans-modules-options-api_pt_BR.jar"/>
        <file crc="1542105487" name="modules/locale/org-netbeans-modules-options-api_ru.jar"/>
        <file crc="2085871885" name="modules/locale/org-netbeans-modules-options-api_zh_CN.jar"/>
        <file crc="73733985" name="config/ModuleAutoDeps/org-netbeans-modules-options-api.xml"/>
        <file crc="1511401705" name="config/Modules/org-netbeans-modules-options-api.xml"/>
        <file crc="3973627333" name="modules/org-netbeans-modules-options-api.jar"/>
    </module_version>
</module>
