<?xml version="1.0" encoding="UTF-8" standalone="no"?>
<module codename="org.netbeans.libs.jna/1">
    <module_version install_time="1302218585451" last="false" origin="installer" specification_version="1.13.1">
        <file crc="1637808577" name="config/Modules/org-netbeans-libs-jna.xml"/>
        <file crc="3581036595" name="modules/ext/jna-3.2.7.jar"/>
        <file crc="2933637261" name="modules/lib/amd64/Linux/libjnidispatch.so"/>
        <file crc="2860187574" name="modules/lib/amd64/jnidispatch.dll"/>
        <file crc="3384600564" name="modules/lib/i386/Linux/libjnidispatch.so"/>
        <file crc="1054682451" name="modules/lib/libjnidispatch.jnilib"/>
        <file crc="781255360" name="modules/lib/x86/jnidispatch.dll"/>
        <file crc="1761705346" name="modules/org-netbeans-libs-jna.jar"/>
    </module_version>
    <module_version install_time="1312767617873" last="true" origin="配布用 NetBeans" specification_version="1.14.1">
        <file crc="660995107" name="modules/locale/org-netbeans-libs-jna_ja.jar"/>
        <file crc="3266130182" name="modules/locale/org-netbeans-libs-jna_pt_BR.jar"/>
        <file crc="1095482669" name="modules/locale/org-netbeans-libs-jna_ru.jar"/>
        <file crc="2762963459" name="modules/locale/org-netbeans-libs-jna_zh_CN.jar"/>
        <file crc="1637808577" name="config/Modules/org-netbeans-libs-jna.xml"/>
        <file crc="3581036595" name="modules/ext/jna-3.2.7.jar"/>
        <file crc="2933637261" name="modules/lib/amd64/Linux/libjnidispatch.so"/>
        <file crc="2860187574" name="modules/lib/amd64/jnidispatch.dll"/>
        <file crc="3384600564" name="modules/lib/i386/Linux/libjnidispatch.so"/>
        <file crc="1054682451" name="modules/lib/libjnidispatch.jnilib"/>
        <file crc="781255360" name="modules/lib/x86/jnidispatch.dll"/>
        <file crc="2120351978" name="modules/org-netbeans-libs-jna.jar"/>
    </module_version>
</module>
