<?xml version="1.0" encoding="UTF-8" standalone="no"?>
<module codename="org.netbeans.modules.applemenu/1">
    <module_version install_time="1302219831429" last="false" origin="installer" specification_version="1.19.1">
        <file crc="2121659589" name="config/Modules/org-netbeans-modules-applemenu.xml"/>
        <file crc="2801351001" name="modules/org-netbeans-modules-applemenu.jar"/>
    </module_version>
    <module_version install_time="1312767617152" last="true" origin="配布用 NetBeans" specification_version="1.20.1">
        <file crc="3865846615" name="modules/locale/org-netbeans-modules-applemenu_ja.jar"/>
        <file crc="489362972" name="modules/locale/org-netbeans-modules-applemenu_pt_BR.jar"/>
        <file crc="1315701010" name="modules/locale/org-netbeans-modules-applemenu_ru.jar"/>
        <file crc="976048441" name="modules/locale/org-netbeans-modules-applemenu_zh_CN.jar"/>
        <file crc="2121659589" name="config/Modules/org-netbeans-modules-applemenu.xml"/>
        <file crc="1850239867" name="modules/org-netbeans-modules-applemenu.jar"/>
    </module_version>
</module>
