<?xml version="1.0" encoding="UTF-8" standalone="no"?>
<module codename="org.openide.awt">
    <module_version install_time="1302219413466" last="false" origin="installer" specification_version="7.30.1">
        <file crc="3208246121" name="config/Modules/org-openide-awt.xml"/>
        <file crc="3277584747" name="modules/org-openide-awt.jar"/>
    </module_version>
    <module_version install_time="1312508356552" last="true" origin="配布用 NetBeans" specification_version="7.31.1">
        <file crc="1395097675" name="modules/locale/org-openide-awt_ja.jar"/>
        <file crc="4105612701" name="modules/locale/org-openide-awt_pt_BR.jar"/>
        <file crc="1552010837" name="modules/locale/org-openide-awt_ru.jar"/>
        <file crc="695944089" name="modules/locale/org-openide-awt_zh_CN.jar"/>
        <file crc="3208246121" name="config/Modules/org-openide-awt.xml"/>
        <file crc="21680364" name="modules/org-openide-awt.jar"/>
    </module_version>
</module>
