<?xml version="1.0" encoding="UTF-8" standalone="no"?>
<module codename="org.netbeans.core.ui/1">
    <module_version install_time="1302219779114" last="false" origin="installer" specification_version="1.26.1">
        <file crc="3186674130" name="config/Modules/org-netbeans-core-ui.xml"/>
        <file crc="446063172" name="modules/org-netbeans-core-ui.jar"/>
    </module_version>
    <module_version install_time="1312767619858" last="true" origin="配布用 NetBeans" specification_version="1.27.1">
        <file crc="3768131620" name="modules/locale/org-netbeans-core-ui_ja.jar"/>
        <file crc="583154761" name="modules/locale/org-netbeans-core-ui_pt_BR.jar"/>
        <file crc="2445374114" name="modules/locale/org-netbeans-core-ui_ru.jar"/>
        <file crc="106358616" name="modules/locale/org-netbeans-core-ui_zh_CN.jar"/>
        <file crc="3186674130" name="config/Modules/org-netbeans-core-ui.xml"/>
        <file crc="1028607662" name="modules/org-netbeans-core-ui.jar"/>
    </module_version>
</module>
