<?xml version="1.0" encoding="UTF-8" standalone="no"?>
<module codename="org.openide.explorer">
    <module_version install_time="1302219619832" last="false" origin="installer" specification_version="6.34.1">
        <file crc="4044847399" name="config/ModuleAutoDeps/org-openide-explorer.xml"/>
        <file crc="3046209104" name="config/Modules/org-openide-explorer.xml"/>
        <file crc="152855400" name="modules/org-openide-explorer.jar"/>
    </module_version>
    <module_version install_time="1312508359584" last="true" origin="配布用 NetBeans" specification_version="6.35.1">
        <file crc="396375708" name="modules/locale/org-openide-explorer_ja.jar"/>
        <file crc="2566029428" name="modules/locale/org-openide-explorer_pt_BR.jar"/>
        <file crc="3971667267" name="modules/locale/org-openide-explorer_ru.jar"/>
        <file crc="1573891526" name="modules/locale/org-openide-explorer_zh_CN.jar"/>
        <file crc="4044847399" name="config/ModuleAutoDeps/org-openide-explorer.xml"/>
        <file crc="3046209104" name="config/Modules/org-openide-explorer.xml"/>
        <file crc="2385510183" name="modules/org-openide-explorer.jar"/>
    </module_version>
</module>
