<?xml version="1.0" encoding="UTF-8" standalone="no"?>
<module codename="org.netbeans.core.netigso">
    <module_version install_time="1302219595312" last="false" origin="installer" specification_version="1.8.1">
        <file crc="3723901005" name="config/Modules/org-netbeans-core-netigso.xml"/>
        <file crc="793330384" name="modules/org-netbeans-core-netigso.jar"/>
    </module_version>
    <module_version install_time="1312508360493" last="true" origin="配布用 NetBeans" specification_version="1.9.1">
        <file crc="4154893002" name="modules/locale/org-netbeans-core-netigso_ja.jar"/>
        <file crc="3256699995" name="modules/locale/org-netbeans-core-netigso_pt_BR.jar"/>
        <file crc="161019775" name="modules/locale/org-netbeans-core-netigso_ru.jar"/>
        <file crc="1024732918" name="modules/locale/org-netbeans-core-netigso_zh_CN.jar"/>
        <file crc="3723901005" name="config/Modules/org-netbeans-core-netigso.xml"/>
        <file crc="588299571" name="modules/org-netbeans-core-netigso.jar"/>
    </module_version>
</module>
