<?xml version="1.0" encoding="UTF-8" standalone="no"?>
<module codename="org.netbeans.core/2">
    <module_version install_time="1302219695360" last="false" origin="installer" specification_version="3.24.1">
        <file crc="1234898518" name="config/ModuleAutoDeps/org-netbeans-core.xml"/>
        <file crc="2943625018" name="config/Modules/org-netbeans-core.xml"/>
        <file crc="2601114686" name="modules/ext/nsProxyAutoConfig.js"/>
        <file crc="2084503540" name="modules/org-netbeans-core.jar"/>
    </module_version>
    <module_version install_time="1312508358764" last="true" origin="配布用 NetBeans" specification_version="3.25.1">
        <file crc="4160766295" name="modules/locale/org-netbeans-core_ja.jar"/>
        <file crc="2435017679" name="modules/locale/org-netbeans-core_pt_BR.jar"/>
        <file crc="471046332" name="modules/locale/org-netbeans-core_ru.jar"/>
        <file crc="2151622301" name="modules/locale/org-netbeans-core_zh_CN.jar"/>
        <file crc="1234898518" name="config/ModuleAutoDeps/org-netbeans-core.xml"/>
        <file crc="2943625018" name="config/Modules/org-netbeans-core.xml"/>
        <file crc="2601114686" name="modules/ext/nsProxyAutoConfig.js"/>
        <file crc="2501445802" name="modules/org-netbeans-core.jar"/>
    </module_version>
</module>
