<?xml version="1.0" encoding="UTF-8" standalone="no"?>
<module codename="org.netbeans.modules.print">
    <module_version install_time="1302219692697" last="false" origin="installer" specification_version="7.8.1">
        <file crc="4146358971" name="config/Modules/org-netbeans-modules-print.xml"/>
        <file crc="3206575329" name="modules/org-netbeans-modules-print.jar"/>
    </module_version>
    <module_version install_time="1312767619210" last="true" origin="配布用 NetBeans" specification_version="7.9.1">
        <file crc="2416900102" name="modules/locale/org-netbeans-modules-print_ja.jar"/>
        <file crc="2954930497" name="modules/locale/org-netbeans-modules-print_pt_BR.jar"/>
        <file crc="1319281882" name="modules/locale/org-netbeans-modules-print_ru.jar"/>
        <file crc="1577197014" name="modules/locale/org-netbeans-modules-print_zh_CN.jar"/>
        <file crc="4146358971" name="config/Modules/org-netbeans-modules-print.xml"/>
        <file crc="3057148668" name="modules/org-netbeans-modules-print.jar"/>
    </module_version>
</module>
