<?xml version="1.0" encoding="UTF-8" standalone="no"?>
<module codename="org.netbeans.modules.editor.mimelookup/1">
    <module_version install_time="1302219384698" last="false" origin="installer" specification_version="1.21.1">
        <file crc="244035803" name="config/Modules/org-netbeans-modules-editor-mimelookup.xml"/>
        <file crc="1922845929" name="modules/org-netbeans-modules-editor-mimelookup.jar"/>
    </module_version>
    <module_version install_time="1312508358995" last="true" origin="配布用 NetBeans" specification_version="1.22.1">
        <file crc="2254348566" name="modules/locale/org-netbeans-modules-editor-mimelookup_ja.jar"/>
        <file crc="71606060" name="modules/locale/org-netbeans-modules-editor-mimelookup_pt_BR.jar"/>
        <file crc="3375805027" name="modules/locale/org-netbeans-modules-editor-mimelookup_ru.jar"/>
        <file crc="371722619" name="modules/locale/org-netbeans-modules-editor-mimelookup_zh_CN.jar"/>
        <file crc="244035803" name="config/Modules/org-netbeans-modules-editor-mimelookup.xml"/>
        <file crc="776946856" name="modules/org-netbeans-modules-editor-mimelookup.jar"/>
    </module_version>
</module>
