<?xml version="1.0" encoding="UTF-8" standalone="no"?>
<module codename="org.netbeans.core.startup/1">
    <module_version install_time="1302219591934" last="false" origin="installer" specification_version="1.29.1">
        <file crc="3453067441" name="core/core.jar"/>
    </module_version>
    <module_version install_time="1312508357441" last="true" origin="配布用 NetBeans" specification_version="1.31.1">
        <file crc="2761274028" name="core/locale/core_ja.jar"/>
        <file crc="3171101781" name="core/locale/core_pt_BR.jar"/>
        <file crc="567631376" name="core/locale/core_ru.jar"/>
        <file crc="4253603037" name="core/locale/core_zh_CN.jar"/>
        <file crc="533600095" name="core/core.jar"/>
    </module_version>
</module>
