<?xml version="1.0" encoding="UTF-8" standalone="no"?>
<module codename="org.netbeans.swing.tabcontrol">
    <module_version install_time="1302219615002" last="false" origin="installer" specification_version="1.24.1">
        <file crc="327432460" name="config/Modules/org-netbeans-swing-tabcontrol.xml"/>
        <file crc="2728579838" name="modules/org-netbeans-swing-tabcontrol.jar"/>
    </module_version>
    <module_version install_time="1312508360569" last="true" origin="配布用 NetBeans" specification_version="1.25.1">
        <file crc="1705138216" name="modules/locale/org-netbeans-swing-tabcontrol_ja.jar"/>
        <file crc="1450991194" name="modules/locale/org-netbeans-swing-tabcontrol_pt_BR.jar"/>
        <file crc="3994994142" name="modules/locale/org-netbeans-swing-tabcontrol_ru.jar"/>
        <file crc="4196957243" name="modules/locale/org-netbeans-swing-tabcontrol_zh_CN.jar"/>
        <file crc="327432460" name="config/Modules/org-netbeans-swing-tabcontrol.xml"/>
        <file crc="3269117213" name="modules/org-netbeans-swing-tabcontrol.jar"/>
    </module_version>
</module>
