<?xml version="1.0" encoding="UTF-8" standalone="no"?>
<module codename="org.openide.io">
    <module_version install_time="1302219256345" last="false" origin="installer" specification_version="1.26.1">
        <file crc="3834804485" name="config/Modules/org-openide-io.xml"/>
        <file crc="1789600169" name="modules/org-openide-io.jar"/>
    </module_version>
    <module_version install_time="1312508358057" last="true" origin="配布用 NetBeans" specification_version="1.27.1">
        <file crc="2297358171" name="modules/locale/org-openide-io_ja.jar"/>
        <file crc="2582167964" name="modules/locale/org-openide-io_pt_BR.jar"/>
        <file crc="420636970" name="modules/locale/org-openide-io_ru.jar"/>
        <file crc="2612943145" name="modules/locale/org-openide-io_zh_CN.jar"/>
        <file crc="3834804485" name="config/Modules/org-openide-io.xml"/>
        <file crc="2583680152" name="modules/org-openide-io.jar"/>
    </module_version>
</module>
