<?xml version="1.0" encoding="UTF-8" standalone="no"?>
<module codename="org.openide.dialogs">
    <module_version install_time="1302219422160" last="false" origin="installer" specification_version="7.18.1">
        <file crc="807629635" name="config/Modules/org-openide-dialogs.xml"/>
        <file crc="491913307" name="modules/org-openide-dialogs.jar"/>
    </module_version>
    <module_version install_time="1312508356444" last="true" origin="配布用 NetBeans" specification_version="7.20.1">
        <file crc="1176417311" name="modules/locale/org-openide-dialogs_ja.jar"/>
        <file crc="2611955570" name="modules/locale/org-openide-dialogs_pt_BR.jar"/>
        <file crc="4229076512" name="modules/locale/org-openide-dialogs_ru.jar"/>
        <file crc="377037148" name="modules/locale/org-openide-dialogs_zh_CN.jar"/>
        <file crc="807629635" name="config/Modules/org-openide-dialogs.xml"/>
        <file crc="2761778570" name="modules/org-openide-dialogs.jar"/>
    </module_version>
</module>
