<?xml version="1.0" encoding="UTF-8" standalone="no"?>
<module codename="org.netbeans.api.annotations.common/1">
    <module_version install_time="1302218509996" last="false" origin="installer" specification_version="1.8.1">
        <file crc="1285559856" name="config/Modules/org-netbeans-api-annotations-common.xml"/>
        <file crc="1903911947" name="modules/org-netbeans-api-annotations-common.jar"/>
    </module_version>
    <module_version install_time="1312508359480" last="true" origin="配布用 NetBeans" specification_version="1.9.1">
        <file crc="190703435" name="modules/locale/org-netbeans-api-annotations-common_ja.jar"/>
        <file crc="3885951000" name="modules/locale/org-netbeans-api-annotations-common_pt_BR.jar"/>
        <file crc="2849248974" name="modules/locale/org-netbeans-api-annotations-common_ru.jar"/>
        <file crc="1875807405" name="modules/locale/org-netbeans-api-annotations-common_zh_CN.jar"/>
        <file crc="1285559856" name="config/Modules/org-netbeans-api-annotations-common.xml"/>
        <file crc="3365340480" name="modules/org-netbeans-api-annotations-common.jar"/>
    </module_version>
</module>
