<?xml version="1.0" encoding="UTF-8" standalone="no"?>
<module codename="org.openide.loaders">
    <module_version install_time="1302219654506" last="false" origin="installer" specification_version="7.20.1">
        <file crc="3523985554" name="config/ModuleAutoDeps/org-openide-loaders.xml"/>
        <file crc="3241200" name="config/Modules/org-openide-loaders.xml"/>
        <file crc="3658943531" name="modules/org-openide-loaders.jar"/>
    </module_version>
    <module_version install_time="1312508357236" last="true" origin="配布用 NetBeans" specification_version="7.21.1">
        <file crc="3944663605" name="modules/locale/org-openide-loaders_ja.jar"/>
        <file crc="281039917" name="modules/locale/org-openide-loaders_pt_BR.jar"/>
        <file crc="1115377118" name="modules/locale/org-openide-loaders_ru.jar"/>
        <file crc="927843528" name="modules/locale/org-openide-loaders_zh_CN.jar"/>
        <file crc="3523985554" name="config/ModuleAutoDeps/org-openide-loaders.xml"/>
        <file crc="3241200" name="config/Modules/org-openide-loaders.xml"/>
        <file crc="3659818837" name="modules/org-openide-loaders.jar"/>
    </module_version>
</module>
