<?xml version="1.0" encoding="UTF-8"?>
<module codename="jp.atr.dni.brainliner.desktop.timeline">
    <module_version install_time="1314864288660" last="true" origin="installer" specification_version="1.0">
        <file crc="4286140861" name="config/Modules/jp-atr-dni-brainliner-desktop-timeline.xml"/>
        <file crc="3651866349" name="modules/ext/gluegen-gl.jar"/>
        <file crc="1165623450" name="modules/ext/gluegen-rt-natives-macosx-universal.jar"/>
        <file crc="3162513312" name="modules/ext/gluegen-rt.jar"/>
        <file crc="490966056" name="modules/ext/jogl-natives-macosx-universal.jar"/>
        <file crc="1735834117" name="modules/ext/jogl.all-noawt.jar"/>
        <file crc="2669929747" name="modules/ext/jogl.all.jar"/>
        <file crc="2917612635" name="modules/ext/jogl.awt.jar"/>
        <file crc="2778009592" name="modules/ext/jogl.core.jar"/>
        <file crc="4116369439" name="modules/ext/jogl.egl.jar"/>
        <file crc="3801084991" name="modules/ext/jogl.gldesktop.dbg.jar"/>
        <file crc="4037238074" name="modules/ext/jogl.gldesktop.jar"/>
        <file crc="74006077" name="modules/ext/jogl.gles1.dbg.jar"/>
        <file crc="2485214173" name="modules/ext/jogl.gles1.jar"/>
        <file crc="1487204752" name="modules/ext/jogl.gles2.dbg.jar"/>
        <file crc="3845944475" name="modules/ext/jogl.gles2.jar"/>
        <file crc="710520137" name="modules/ext/jogl.glu.gldesktop.jar"/>
        <file crc="1734851111" name="modules/ext/jogl.glu.mipmap.jar"/>
        <file crc="1077227725" name="modules/ext/jogl.glu.tess.jar"/>
        <file crc="3425041724" name="modules/ext/jogl.os.osx.jar"/>
        <file crc="3147641022" name="modules/ext/jogl.os.win.jar"/>
        <file crc="4099223232" name="modules/ext/jogl.os.x11.jar"/>
        <file crc="725305462" name="modules/ext/jogl.sdk.jar"/>
        <file crc="3277618862" name="modules/ext/jogl.test.jar"/>
        <file crc="2617086310" name="modules/ext/jogl.util.awt.jar"/>
        <file crc="2302782699" name="modules/ext/jogl.util.fixedfuncemu.jar"/>
        <file crc="366055568" name="modules/ext/jogl.util.gldesktop.jar"/>
        <file crc="1000921763" name="modules/ext/jogl.util.jar"/>
        <file crc="4099308959" name="modules/ext/nativewindow-natives-macosx-universal.jar"/>
        <file crc="2058179688" name="modules/ext/nativewindow.all-noawt.jar"/>
        <file crc="493496659" name="modules/ext/nativewindow.all.jar"/>
        <file crc="3256955828" name="modules/ext/nativewindow.awt.jar"/>
        <file crc="271746289" name="modules/ext/nativewindow.core.jar"/>
        <file crc="2749604793" name="modules/ext/nativewindow.os.win.jar"/>
        <file crc="343131903" name="modules/ext/nativewindow.os.x11.jar"/>
        <file crc="1397047265" name="modules/ext/newt-natives-macosx-universal.jar"/>
        <file crc="203651782" name="modules/ext/newt.all-noawt.jar"/>
        <file crc="2443914932" name="modules/ext/newt.all.jar"/>
        <file crc="1602254404" name="modules/ext/newt.awt.jar"/>
        <file crc="1064029444" name="modules/ext/newt.core.jar"/>
        <file crc="1249061462" name="modules/ext/newt.event.jar"/>
        <file crc="1928500651" name="modules/ext/newt.hw.broadcomegl.jar"/>
        <file crc="2935810210" name="modules/ext/newt.hw.intelgdl.jar"/>
        <file crc="2444351994" name="modules/ext/newt.ogl.jar"/>
        <file crc="3847561654" name="modules/ext/newt.os.osx.jar"/>
        <file crc="4260435492" name="modules/ext/newt.os.win.jar"/>
        <file crc="504681248" name="modules/ext/newt.os.x11.jar"/>
        <file crc="479711814" name="modules/jp-atr-dni-brainliner-desktop-timeline.jar"/>
        <file crc="373859018" name="modules/lib/gluegen-rt.dll"/>
        <file crc="124249614" name="modules/lib/jogl_desktop.dll"/>
        <file crc="3266872942" name="modules/lib/jogl_es1.dll"/>
        <file crc="722701871" name="modules/lib/jogl_es2.dll"/>
        <file crc="336863256" name="modules/lib/libgluegen-rt.jnilib"/>
        <file crc="3796178108" name="modules/lib/libgluegen-rt.so"/>
        <file crc="3154292103" name="modules/lib/libjogl_desktop.jnilib"/>
        <file crc="969311253" name="modules/lib/libjogl_desktop.so"/>
        <file crc="4240843304" name="modules/lib/libjogl_es1.jnilib"/>
        <file crc="214205477" name="modules/lib/libjogl_es1.so"/>
        <file crc="955231645" name="modules/lib/libjogl_es2.jnilib"/>
        <file crc="3191164828" name="modules/lib/libjogl_es2.so"/>
        <file crc="3315450979" name="modules/lib/libnativewindow_awt.jnilib"/>
        <file crc="1012912917" name="modules/lib/libnativewindow_awt.so"/>
        <file crc="2150721589" name="modules/lib/libnativewindow_x11.so"/>
        <file crc="2791281041" name="modules/lib/libnewt.jnilib"/>
        <file crc="3872746525" name="modules/lib/libnewt.so"/>
        <file crc="463893320" name="modules/lib/nativewindow_awt.dll"/>
        <file crc="1859934100" name="modules/lib/nativewindow_win32.dll"/>
        <file crc="1186772473" name="modules/lib/newt.dll"/>
    </module_version>
</module>
