<?xml version="1.0" encoding="UTF-8"?>
<module codename="jp.atr.dni.bmi.desktop.neuroshareutils">
    <module_version install_time="1314864280369" last="true" origin="installer" specification_version="1.0">
        <file crc="3458739560" name="config/Modules/jp-atr-dni-bmi-desktop-neuroshareutils.xml"/>
        <file crc="1667750038" name="modules/ext/cglib-nodep-2.2.jar"/>
        <file crc="2050839146" name="modules/ext/dom4j-1.6.1.jar"/>
        <file crc="455055244" name="modules/ext/jdom-1.1.jar"/>
        <file crc="2984605062" name="modules/ext/jettison-1.0.1.jar"/>
        <file crc="96465959" name="modules/ext/joda-time-1.6.jar"/>
        <file crc="3236109920" name="modules/ext/poi-3.7-20101029.jar"/>
        <file crc="3295706511" name="modules/ext/poi-examples-3.7-20101029.jar"/>
        <file crc="2566344178" name="modules/ext/poi-ooxml-3.7-20101029.jar"/>
        <file crc="3816573878" name="modules/ext/poi-ooxml-schemas-3.7-20101029.jar"/>
        <file crc="3294231313" name="modules/ext/poi-scratchpad-3.7-20101029.jar"/>
        <file crc="191637060" name="modules/ext/stax-1.2.0.jar"/>
        <file crc="718358633" name="modules/ext/stax-api-1.0.1.jar"/>
        <file crc="3349886134" name="modules/ext/wstx-asl-3.2.7.jar"/>
        <file crc="3459816053" name="modules/ext/xml-writer-0.2.jar"/>
        <file crc="2223464770" name="modules/ext/xom-1.1.jar"/>
        <file crc="2206742772" name="modules/ext/xpp3_min-1.1.4c.jar"/>
        <file crc="570725981" name="modules/ext/xstream-1.3.1.jar"/>
        <file crc="3241021959" name="modules/ext/xstream-benchmark-1.3.1.jar"/>
        <file crc="1531914364" name="modules/jp-atr-dni-bmi-desktop-neuroshareutils.jar"/>
    </module_version>
</module>
