<?xml version="1.0" encoding="UTF-8"?>
<module codename="jp.atr.dni.bmi.desktop.dummymodule1">
    <module_version install_time="1315455496300" last="true" origin="installer" specification_version="1.0">
        <file crc="1735891805" name="config/Modules/jp-atr-dni-bmi-desktop-dummymodule1.xml"/>
        <file crc="2574162215" name="modules/ext/jmf.jar"/>
        <file crc="2913998947" name="modules/ext/jxl.jar"/>
        <file crc="2865865688" name="modules/ext/orangesignal-csv-1.3.1-javadoc.jar"/>
        <file crc="28616414" name="modules/ext/orangesignal-csv-1.3.1-sources.jar"/>
        <file crc="4167054384" name="modules/ext/orangesignal-csv-1.3.1-with-jlha.jar"/>
        <file crc="584348851" name="modules/ext/orangesignal-csv-1.3.1.jar"/>
        <file crc="2161530831" name="modules/jp-atr-dni-bmi-desktop-dummymodule1.jar"/>
    </module_version>
</module>
